mine_id,timestamp,CH4_pct,CO_ppm,C2H4_ppm,C2H6_ppm,CO2_pct,O2_pct,temp_C,humidity_pct,dust_mgm3,label
Churcha RO,2026-09-09T19:01:00,0.419,8.5,0.58,1.44,0.306,19.55,31.6,70.4,2.05,2
Rajmahal OC,2026-09-07T10:17:00,0.32,9.8,0.91,0.53,0.38,19.73,24.1,83.1,1.56,2
Jhanjra UG,2026-09-07T02:35:00,0.355,14.6,0.73,1.03,0.342,20.86,27.9,68.0,1.1,1
Bhatdih,2026-09-02T07:55:00,0.32,10.7,0.13,1.14,0.3,20.46,26.8,66.1,2.15,1
Churcha RO,2026-09-09T23:15:00,0.18,11.0,0.59,0.59,0.309,21,26.2,50.5,2.52,1
Jhanjra UG,2026-09-01T10:25:00,0.392,4.9,0.56,1.34,0.331,20.58,31.5,65.4,1.23,1
Bhatdih,2026-09-09T17:16:00,0.603,11.6,0.06,0.54,0.427,21,32.3,55.5,1.77,1
Kenduadih,2026-09-03T20:10:00,0.364,3.2,0.67,0,0.662,20.88,31.6,65.7,0,1
Jayant OC,2026-09-05T20:21:00,0.178,5.8,0.22,0.55,0.399,21,33.6,59.7,2.75,0
Churcha RO,2026-09-02T20:19:00,0.506,7.4,0.67,1.44,0.403,20.25,17.5,65.9,0.55,1
Rajmahal OC,2026-09-05T07:03:00,0.233,6.5,0.53,0.3,0.422,19.9,31.5,65.0,3.33,1
Adriyala Shaft,2026-09-08T17:10:00,0.342,15.0,0,1.2,0.459,21,30.8,65.5,1.08,1
Bhatdih,2026-09-09T14:07:00,0.098,7.1,1.17,0.6,0.405,19.74,27.1,55.2,1.13,1
Adriyala Shaft,2026-09-01T10:04:00,0.172,8.6,0.77,0.55,0.362,20.54,29.5,60.1,1.08,1
Rajmahal OC,2026-09-02T21:27:00,0.317,13.9,0.54,1.01,0.52,20.24,21.1,68.0,1.68,1
Gevra OC,2026-09-02T07:12:00,0.209,4.0,0.66,0.72,0.252,20.73,27.8,57.5,1.92,1
Adriyala Shaft,2026-09-09T00:05:00,0.22,7.5,0.64,1.21,0.428,20.36,30.8,46.6,2.45,1
Adriyala Shaft,2026-09-08T09:27:00,0.426,10.3,0.8,0.89,0.499,20.96,29.4,72.8,1.44,1
Rajmahal OC,2026-09-09T05:03:00,0.209,4.1,0.58,1.06,0.552,20.79,31.2,68.2,2.37,1
Rajmahal OC,2026-09-01T19:05:00,0.353,10.2,0.59,0.3,0.316,20.52,30.0,70.8,1.12,1
Jayant OC,2026-09-02T00:29:00,0.194,3.7,0.41,1.08,0.358,20.12,27.8,70.3,0.96,1
Kenduadih,2026-09-06T09:10:00,0.169,21.3,0.49,1.05,0.431,20.39,37.3,80.1,0.38,1
Bhubaneswari OC,2026-09-03T08:07:00,0.417,2.6,0,0.04,0.393,20.45,29.4,57.3,0.52,1
Churcha RO,2026-09-05T01:05:00,0,7.9,0.33,0.75,0.467,20.08,33.1,72.1,0.74,1
Jayant OC,2026-09-03T17:02:00,0.322,6.9,0.42,0.98,0.459,20.46,22.2,70.6,1.14,1
Gevra OC,2026-09-04T21:15:00,0.273,6.0,0.42,1.04,0.462,21,23.8,78.7,0.19,0
Churcha RO,2026-09-07T00:11:00,0.183,12.1,1.07,0.04,0.399,19.36,28.2,70.9,1.65,2
Gevra OC,2026-09-01T15:14:00,0.211,8.8,0.2,0.49,0.257,20.5,30.4,62.0,0.75,1
Adriyala Shaft,2026-09-05T11:41:00,0.368,3.9,0.32,1.47,0.403,20.61,29.2,73.4,2.87,1
Rajmahal OC,2026-09-05T01:06:00,0.005,0,1.0,0,0.347,21,35.0,76.1,3.35,1
Kenduadih,2026-09-09T21:46:00,0.078,10.6,0.34,1.3,0.302,20.46,25.3,61.5,1.49,1
Adriyala Shaft,2026-09-05T21:26:00,0.292,7.0,0.59,0.62,0.323,20.12,35.1,63.4,0.84,1
Gevra OC,2026-09-01T09:18:00,0.197,9.9,0.72,1.1,0.54,20.22,32.5,57.1,1.18,1
Adriyala Shaft,2026-09-03T21:05:00,0.479,3.2,0.67,0.55,0.308,20.18,29.0,43.8,1.79,1
Bhatdih,2026-09-08T19:54:00,0.089,7.5,0.22,1.44,0.401,19.75,28.4,71.6,2.09,1
Churcha RO,2026-09-02T13:14:00,0.317,0,0.67,0.23,0.327,20.12,30.7,74.2,2.48,1
Jhanjra UG,2026-09-06T14:39:00,0.377,2.2,0.13,0.91,0.444,20.37,31.0,73.3,0.5,1
Rajmahal OC,2026-09-05T16:31:00,0.263,0.2,0.79,0.58,0.42,20.85,24.7,65.2,0,1
Adriyala Shaft,2026-09-02T13:26:00,0.291,9.6,0.45,1.11,0.347,21,29.9,70.5,1.07,1
Gevra OC,2026-09-07T15:00:00,0.08,4.0,0.42,0.91,0.501,21,25.0,58.4,0.01,0
Gevra OC,2026-09-08T00:24:00,0.255,11.8,0.94,0.32,0.242,20.31,30.6,44.7,0.86,1
Gevra OC,2026-09-01T02:41:00,0.309,4.5,0.03,0.68,0.211,21,22.6,43.7,1.13,0
Jayant OC,2026-09-05T02:30:00,0.41,11.4,0.78,0.92,0.421,20.93,28.3,55.3,1.52,1
Moonidih,2026-09-04T06:53:00,0.017,8.0,0.4,1.07,0.379,21,32.2,67.4,1.55,0
Moonidih,2026-09-02T05:19:00,0.22,6.0,0.35,0.83,0.506,20.32,27.8,74.6,0,1
Churcha RO,2026-09-04T03:44:00,0.061,0,0.17,0.02,0.3,19.66,34.7,69.3,2.52,0
Bhatdih,2026-09-07T15:06:00,0.42,3.6,1.12,1.59,0.419,20.05,24.5,69.2,0.77,2
Jayant OC,2026-09-09T15:29:00,0.295,13.5,0.4,1.1,0.262,19.75,30.6,72.7,1.36,1
Jayant OC,2026-09-06T00:31:00,0.392,3.2,0.4,1.07,0.474,20.34,21.7,70.1,0.42,1
Gevra OC,2026-09-04T02:15:00,0.205,9.1,0.69,0.91,0.313,21,23.8,64.8,1.61,1
Jayant OC,2026-09-06T15:35:00,0.048,8.5,0.34,0.26,0.223,20.55,30.4,68.9,1.26,0
Rajmahal OC,2026-09-06T03:47:00,0.18,0.5,1.34,0.45,0.371,20.09,29.0,66.9,2.77,1
Rajmahal OC,2026-09-05T07:23:00,0.519,6.1,0.68,1.41,0.378,21,28.3,51.5,3.0,1
Jhanjra UG,2026-09-08T03:55:00,0.265,6.0,0.95,0.89,0.422,20.89,29.1,78.4,1.11,1
Moonidih,2026-09-01T04:09:00,0.149,6.0,0.32,0.89,0.626,20.88,20.6,67.6,1.25,0
Kenduadih,2026-09-07T14:58:00,0.334,9.6,0.46,0.81,0.528,19.92,30.7,52.3,0.56,1
Bhubaneswari OC,2026-09-02T05:15:00,0.241,13.1,0.15,1.02,0.636,20.97,33.5,74.9,1.06,1
Jhanjra UG,2026-09-08T02:43:00,0.217,5.8,0.44,0.29,0.483,20.37,28.2,63.1,2.13,1
Adriyala Shaft,2026-09-02T01:10:00,0.535,4.8,0.19,0.38,0.496,20.29,22.4,61.0,2.76,1
Bhatdih,2026-09-09T15:28:00,0.147,1.8,0.19,1.18,0.349,20.08,28.7,58.5,1.87,0
Churcha RO,2026-09-05T18:02:00,0.043,3.2,0.46,0.26,0.471,20.56,24.4,47.4,1.36,0
Jhanjra UG,2026-09-06T13:21:00,0.284,2.3,0.58,1.02,0.368,19.89,25.1,60.6,1.52,1
Gevra OC,2026-09-06T03:49:00,0.158,1.1,0.28,1.34,0.343,21,30.0,53.4,0.83,0
Jayant OC,2026-09-08T20:28:00,0.337,12.9,0.08,1.61,0.401,20.34,28.3,51.1,1.37,1
Moonidih,2026-09-09T00:35:00,0.354,12.8,0.79,0.61,0.384,20.26,33.4,62.7,1.53,2
Jayant OC,2026-09-09T22:17:00,0.388,18.4,1.02,1.18,0.342,21,33.1,49.1,1.51,2
Jayant OC,2026-09-07T10:59:00,0.513,0,0.51,1.31,0.232,21,19.8,63.9,1.92,1
Rajmahal OC,2026-09-08T11:21:00,0.209,8.0,0.52,0.69,0.212,19.86,25.2,72.2,0.85,1
Rajmahal OC,2026-09-08T22:58:00,0.312,4.1,1.05,0.47,0.473,20.46,22.2,78.2,0.91,1
Jayant OC,2026-09-02T14:06:00,0.37,3.5,0.79,1.28,0.146,20.36,28.0,51.6,1.48,1
Rajmahal OC,2026-09-02T10:54:00,0.322,7.6,0.87,1.44,0.439,20.46,28.6,57.3,0.92,1
Rajmahal OC,2026-09-05T07:47:00,0.194,5.5,0.68,0.67,0.234,20.59,27.2,77.8,1.97,1
Churcha RO,2026-09-06T13:09:00,0.238,8.7,0.09,0.2,0.256,20.77,29.0,63.3,1.69,0
Adriyala Shaft,2026-09-03T07:29:00,0.18,2.9,0.42,0.86,0.341,21,31.9,59.6,1.09,0
Bhatdih,2026-09-07T22:16:00,0.085,9.5,0.77,0.53,0.371,21,36.6,75.8,2.17,1
Bhubaneswari OC,2026-09-05T00:53:00,0.29,9.5,0.33,0.46,0.476,20.55,33.2,37.0,0.36,1
Jayant OC,2026-09-06T07:40:00,0.27,13.1,0.31,0.19,0.53,20.71,19.3,65.4,1.18,1
Adriyala Shaft,2026-09-05T14:02:00,0.562,3.6,0.19,0.69,0.256,20.87,23.2,76.8,0.84,1
Kenduadih,2026-09-05T05:16:00,0.247,9.6,0.72,0.61,0.342,20.67,29.9,45.1,0.87,1
Bhubaneswari OC,2026-09-07T17:23:00,0.432,11.3,0.45,1.3,0.269,20.31,28.3,65.2,0.93,1
Churcha RO,2026-09-04T15:01:00,0.306,7.4,0.18,0.7,0.33,19.84,21.6,55.6,1.86,1
Kenduadih,2026-09-07T03:08:00,0.274,11.8,0.24,1.04,0.364,21,30.9,72.1,1.13,1
Moonidih,2026-09-07T18:47:00,0.421,6.9,0.36,0.81,0.441,20.32,22.3,69.3,1.42,1
Jhanjra UG,2026-09-08T07:54:00,0,12.4,0.21,1.08,0.28,20.88,26.8,62.4,0.98,0
Gevra OC,2026-09-04T20:40:00,0.485,11.6,0,0.5,0.336,20.89,28.8,69.7,2.01,1
Kenduadih,2026-09-04T07:21:00,0.165,9.3,0.48,0.2,0.659,20.58,25.4,71.1,0.61,1
Jhanjra UG,2026-09-06T07:37:00,0.349,2.8,0.35,1.93,0.524,20.45,28.6,60.4,1.78,1
Gevra OC,2026-09-02T14:32:00,0.241,11.1,0.52,1.09,0.475,20.64,28.9,56.0,1.74,1
Adriyala Shaft,2026-09-02T15:45:00,0.342,7.6,0.62,0.01,0.29,20.43,29.4,64.2,0.7,1
Bhubaneswari OC,2026-09-09T09:29:00,0.32,9.5,0.55,0.69,0.377,20.39,33.6,56.5,1.29,1
Rajmahal OC,2026-09-06T14:25:00,0.246,6.9,0.32,0.05,0.3,19.8,27.5,58.2,0.95,1
Jayant OC,2026-09-02T02:27:00,0.332,7.6,0.24,0.68,0.471,21,26.2,60.7,1.56,1
Churcha RO,2026-09-07T23:03:00,0.295,4.1,0.57,0.9,0.524,20.33,26.0,56.0,2.83,1
Bhatdih,2026-09-06T03:48:00,0.045,5.0,0.34,0.56,0.367,20.3,25.6,80.0,2.47,0
Bhatdih,2026-09-05T00:11:00,0.057,4.7,0.96,0,0.457,19.87,27.4,63.2,2.86,1
Bhatdih,2026-09-01T02:47:00,0.178,7.0,0.25,0.78,0.409,20.94,24.2,60.5,1.76,0
Rajmahal OC,2026-09-01T21:05:00,0.334,12.1,0.34,1.12,0.369,19.65,26.5,63.3,1.94,1
Bhatdih,2026-09-08T16:42:00,0.328,4.1,0.61,0.48,0.336,20.63,32.7,62.3,1.82,1
Bhatdih,2026-09-07T05:08:00,0.444,9.1,0.47,0.77,0.378,20.83,30.0,70.8,1.45,1
Jayant OC,2026-09-08T02:55:00,0.316,5.2,0.46,0.25,0.346,20.19,31.2,64.5,0.64,1
Gevra OC,2026-09-06T02:27:00,0.126,5.6,0.42,0.4,0.415,20.57,24.7,81.0,0.39,0
Churcha RO,2026-09-09T20:07:00,0.108,8.2,0.9,0.4,0.385,20.33,31.4,62.0,1.92,1
Rajmahal OC,2026-09-02T05:49:00,0,7.5,0.22,1.32,0.477,19.67,28.2,70.6,1.85,1
Bhubaneswari OC,2026-09-06T04:28:00,0.493,3.0,0.59,0.27,0.328,21,24.1,73.8,1.44,1
Churcha RO,2026-09-02T19:38:00,0.092,9.1,0.62,0.29,0.377,20.66,26.9,65.7,1.05,1
Rajmahal OC,2026-09-08T16:09:00,0.391,4.1,0.76,1.43,0.354,21,30.2,59.2,1.28,1
Moonidih,2026-09-03T11:23:00,0.039,10.2,0.94,0,0.524,20.86,34.1,68.8,2.47,1
Bhatdih,2026-09-07T09:16:00,0.29,2.8,0.84,0.74,0.37,20.19,25.4,58.9,2.4,1
Kenduadih,2026-09-05T17:24:00,0.394,5.4,0.36,0.69,0.246,21,26.7,55.5,0,1
Gevra OC,2026-09-06T00:23:00,0.101,10.3,0.09,1.11,0.256,20.26,23.5,58.6,0.83,0
Bhatdih,2026-09-09T01:42:00,0.344,10.5,0.83,0.65,0.408,20.77,34.8,74.0,2.61,1
Gevra OC,2026-09-08T01:26:00,0.453,12.0,0.21,0.61,0.367,20.82,33.6,49.7,0.28,1
Gevra OC,2026-09-04T11:43:00,0.251,5.4,0.27,0.91,0.399,19.95,24.6,63.2,1.82,1
Kenduadih,2026-09-03T08:03:00,0.143,12.4,0.47,0.72,0.496,19.22,26.2,72.3,0.19,1
Bhubaneswari OC,2026-09-07T02:58:00,0.434,4.4,0.96,1.26,0.449,20.17,28.3,57.0,1.87,1
Adriyala Shaft,2026-09-04T00:20:00,0.253,11.4,0,1.18,0.356,20.11,30.3,61.9,1.72,1
Churcha RO,2026-09-01T02:01:00,0.416,3.1,0.54,0.59,0.357,21,27.3,59.8,1.26,1
Bhatdih,2026-09-04T13:40:00,0.143,8.5,0.67,1.31,0.35,19.73,31.2,65.4,1.91,1
Kenduadih,2026-09-04T18:26:00,0.23,8.5,0.83,0.5,0.52,20.56,28.1,70.6,0.5,1
Jhanjra UG,2026-09-07T15:02:00,0.389,7.1,0.39,0.95,0.394,19.91,27.2,77.7,1.43,1
Jayant OC,2026-09-01T11:34:00,0.414,7.6,1.03,0.87,0.309,21,23.2,52.6,1.43,1
Gevra OC,2026-09-08T01:18:00,0.166,9.0,0.33,0.88,0.29,20.26,22.7,66.4,1.23,1
Adriyala Shaft,2026-09-06T01:55:00,0.396,8.7,1.17,1.04,0.101,20.35,25.1,63.0,1.51,2
Gevra OC,2026-09-08T11:59:00,0.202,7.0,1.03,0.43,0.439,19.34,31.7,61.6,1.94,2
Rajmahal OC,2026-09-08T19:45:00,0.293,9.7,0.22,0.99,0.463,20.49,27.5,69.5,1.19,1
Jayant OC,2026-09-01T02:42:00,0.411,10.2,0.78,0.19,0.453,21,25.1,51.9,1.95,1
Jayant OC,2026-09-06T11:24:00,0.124,13.4,0.18,0,0.485,21,28.2,62.4,2.77,0
Kenduadih,2026-09-06T20:17:00,0.407,10.3,0.53,0.43,0.43,20.31,28.6,71.2,2.08,1
Adriyala Shaft,2026-09-08T06:07:00,0.333,7.8,0.64,1.24,0.443,20.37,29.0,49.6,1.74,1
Jhanjra UG,2026-09-06T22:04:00,0.501,10.6,0.24,1.15,0.335,21,31.2,70.0,0.92,1
Rajmahal OC,2026-09-03T07:50:00,0,5.8,0.78,0.29,0.528,20.19,29.3,53.5,1.89,1
Bhubaneswari OC,2026-09-08T16:26:00,0.369,13.0,0.56,0.31,0.532,19.85,26.2,72.4,1.85,2
Jayant OC,2026-09-03T04:27:00,0.326,6.6,0.92,0.7,0.256,20.73,23.4,82.0,1.72,1
Rajmahal OC,2026-09-09T09:54:00,0.09,9.1,0.45,0.96,0.441,20.73,31.0,62.7,0.79,1
Churcha RO,2026-09-06T18:02:00,0.299,13.7,0.35,0.74,0.36,21,25.6,64.9,1.93,1
Moonidih,2026-09-09T09:41:00,0.269,16.5,0.86,0.84,0.322,20.66,33.1,63.2,1.37,2
Bhatdih,2026-09-06T22:20:00,0.03,8.8,0.4,0.49,0.432,20.58,23.7,69.3,1.81,0
Gevra OC,2026-09-02T01:18:00,0.496,10.1,0.48,0.45,0.493,20.26,32.1,64.2,2.1,1
Jayant OC,2026-09-08T15:56:00,0.403,4.9,1.13,0.6,0.49,19.43,27.5,58.6,2.93,2
Bhatdih,2026-09-08T09:34:00,0.719,6.3,0.5,0.45,0.469,20.54,33.3,72.8,1.7,2
Moonidih,2026-09-02T12:32:00,0.391,4.5,0.86,0.37,0.408,20.02,23.8,72.6,1.85,1
Bhubaneswari OC,2026-09-06T17:23:00,0.479,8.3,0.26,1.4,0.39,21,35.4,51.0,2.38,1
Jhanjra UG,2026-09-06T19:20:00,0.356,12.5,0.41,0.8,0.459,20.84,23.6,66.8,0.74,1
Jhanjra UG,2026-09-08T00:23:00,0.188,3.7,0.76,1.1,0.288,19.9,27.8,52.2,1.57,1
Gevra OC,2026-09-04T23:03:00,0.107,0,0.04,0.44,0.376,19.75,32.5,66.9,2.87,0
Kenduadih,2026-09-02T06:01:00,0.246,3.2,0.54,0.68,0.23,19.82,33.1,65.6,2.54,1
Bhubaneswari OC,2026-09-04T17:20:00,0.267,10.1,0.39,0.42,0.435,19.39,32.6,53.3,1.9,1
Bhubaneswari OC,2026-09-05T19:30:00,0.331,4.6,0.46,1.21,0.595,20.24,31.1,67.2,0.23,1
Adriyala Shaft,2026-09-09T23:17:00,0.417,7.1,0.29,1.71,0.571,20.4,26.3,50.3,0.59,1
Bhatdih,2026-09-05T22:05:00,0.312,12.3,0.81,0,0.592,21,19.0,67.8,0.88,1
Gevra OC,2026-09-04T07:03:00,0.495,5.3,0.5,0.52,0.437,20.15,25.1,62.0,2.52,1
Rajmahal OC,2026-09-03T13:41:00,0.456,8.4,0.72,1.09,0.453,19.76,29.0,81.8,3.07,2
Bhubaneswari OC,2026-09-01T05:26:00,0.201,8.4,0.76,0.72,0.267,19.63,32.4,72.0,0.25,1
Jhanjra UG,2026-09-01T00:19:00,0.247,9.0,0.47,1.16,0.249,20.82,34.1,70.7,1.02,1
Kenduadih,2026-09-02T10:10:00,0.025,2.5,0.33,1.18,0.323,20.03,29.6,61.6,0.86,0
Bhubaneswari OC,2026-09-07T13:32:00,0.297,4.2,0.12,1.16,0.408,20.29,33.8,69.8,2.53,1
Gevra OC,2026-09-05T18:46:00,0.491,11.1,0.57,1.0,0.366,20.84,27.8,72.3,1.55,1
Kenduadih,2026-09-05T22:07:00,0,13.8,0.53,0.75,0.366,20.82,30.3,55.2,2.03,1
Bhatdih,2026-09-04T07:43:00,0.229,10.1,0.83,0.68,0.112,20.92,23.6,76.1,2.65,1
Kenduadih,2026-09-09T06:36:00,0.169,9.2,0.41,0.21,0.451,21,30.4,76.7,1.88,1
Rajmahal OC,2026-09-09T13:29:00,0.379,10.9,0.35,0.77,0.437,21,32.0,71.5,1.82,1
Kenduadih,2026-09-01T13:22:00,0.146,12.2,0.62,1.02,0.25,19.77,32.5,64.7,0.45,1
Churcha RO,2026-09-07T11:57:00,0.249,7.6,1.19,0.08,0.319,20.57,28.9,69.9,0.69,1
Jayant OC,2026-09-02T05:34:00,0.112,0,0.71,0.68,0.428,21,26.2,78.3,2.68,0
Jayant OC,2026-09-04T14:22:00,0.062,6.8,0.5,0.83,0.483,20.56,25.7,53.9,0.04,0
Jhanjra UG,2026-09-01T07:13:00,0.244,6.5,1.2,0.77,0.352,20.69,24.1,67.1,0,1
Churcha RO,2026-09-01T04:32:00,0.332,8.6,0.12,0.44,0.557,20.75,25.6,69.2,1.83,1
Bhatdih,2026-09-09T07:26:00,0.593,8.9,1.17,0.33,0.34,20.63,20.7,66.7,3.13,2
Bhatdih,2026-09-07T16:20:00,0.27,13.0,0.09,0.44,0.468,21,26.8,63.9,0.86,1
Jayant OC,2026-09-08T01:35:00,0.479,5.2,0.64,1.0,0.514,20.52,30.9,68.5,1.15,1
Jayant OC,2026-09-04T01:17:00,0.488,7.0,0.65,1.02,0.442,21,34.8,55.9,2.57,1
Jayant OC,2026-09-06T09:58:00,0.432,5.5,0.14,0.98,0.354,20.56,21.6,54.3,1.17,1
Moonidih,2026-09-06T09:24:00,0.323,10.5,0.47,0.14,0.406,19.39,25.9,50.3,1.03,1
Bhubaneswari OC,2026-09-06T06:23:00,0.367,4.3,0.44,0.77,0.52,20.27,28.0,76.2,1.39,1
Gevra OC,2026-09-07T18:53:00,0.135,10.6,0.53,1.02,0.384,21,24.3,60.0,1.91,1
Adriyala Shaft,2026-09-03T23:50:00,0.41,2.2,0.5,0.68,0.329,21,18.6,57.7,0.78,0
Gevra OC,2026-09-01T00:26:00,0.416,13.6,0,0.87,0.262,20.31,29.0,65.9,2.6,1
Jhanjra UG,2026-09-08T21:31:00,0.003,9.6,0.32,0.79,0.387,20.02,27.9,54.1,0.7,1
Moonidih,2026-09-03T03:58:00,0.49,8.2,0.87,0.84,0.357,21,35.3,67.0,0.83,1
Churcha RO,2026-09-08T18:15:00,0.059,5.1,0.47,0.58,0.348,19.96,33.6,87.2,2.46,1
Adriyala Shaft,2026-09-03T02:31:00,0.213,15.1,1.31,1.4,0.385,20.4,24.8,70.5,0.37,2
Jayant OC,2026-09-08T08:02:00,0.332,5.8,0.29,1.87,0.362,21,22.5,67.7,3.21,0
Churcha RO,2026-09-07T02:19:00,0.251,5.0,0.08,0.64,0.484,21,30.7,65.7,2.42,0
Jhanjra UG,2026-09-02T16:47:00,0.519,3.2,0.35,1.15,0.278,20.02,27.0,63.9,0.09,1
Gevra OC,2026-09-08T15:14:00,0.452,9.4,0.64,0.49,0.43,19.26,22.5,75.4,2.13,2
Gevra OC,2026-09-02T02:17:00,0.322,4.3,0.4,1.01,0.522,19.87,32.7,62.9,2.08,1
Jhanjra UG,2026-09-02T05:27:00,0.109,12.8,0.67,1.13,0.372,20.67,32.1,61.2,1.53,1
Bhubaneswari OC,2026-09-01T09:26:00,0.231,3.5,0.37,0.94,0.426,19.86,26.2,69.3,0,1
Jayant OC,2026-09-03T02:10:00,0.344,1.7,0,0.34,0.406,21,27.0,59.4,1.42,0
Jayant OC,2026-09-08T03:08:00,0.418,7.5,0.75,0.88,0.307,21,25.8,51.2,1.53,1
Bhatdih,2026-09-05T10:38:00,0.45,8.2,0.66,0.47,0.47,20.09,21.2,72.9,0.87,1
Adriyala Shaft,2026-09-06T12:17:00,0.136,5.5,0.52,0.52,0.452,20.43,22.4,82.1,1.22,1
Jayant OC,2026-09-05T22:04:00,0.07,15.0,0.82,2.11,0.473,21,34.4,67.7,2.01,1
Jayant OC,2026-09-08T18:25:00,0.264,7.0,0.35,0.7,0.472,20.8,31.5,57.2,2.11,1
Rajmahal OC,2026-09-04T21:42:00,0,7.6,0.37,0.33,0.424,20.04,31.9,57.4,1.28,1
Gevra OC,2026-09-02T00:06:00,0.252,10.8,0.86,0.27,0.344,19.71,19.7,56.3,2.74,1
Bhatdih,2026-09-01T15:06:00,0.344,14.5,0.07,0.58,0.418,20.98,22.1,68.5,1.33,1
Bhatdih,2026-09-08T11:30:00,0.22,0,0.89,1.51,0.558,20.77,30.7,58.5,1.65,1
Churcha RO,2026-09-04T16:11:00,0.086,10.3,0.39,1.11,0.418,20.27,31.4,53.3,1.29,1
Rajmahal OC,2026-09-01T23:39:00,0.219,10.7,0.82,1.08,0.381,20.24,29.4,58.2,0.84,1
Adriyala Shaft,2026-09-06T10:12:00,0.149,9.3,0.71,0.81,0.372,21,29.5,52.4,1.8,1
Bhubaneswari OC,2026-09-06T14:39:00,0.123,12.5,0.79,0,0.417,20.31,31.7,61.2,1.75,1
Jhanjra UG,2026-09-09T12:26:00,0.392,2.2,0.38,1.33,0.446,20.64,30.5,70.8,2.0,1
Kenduadih,2026-09-08T09:08:00,0.511,10.5,0.72,1.02,0.531,20.25,22.6,77.7,1.5,2
Jhanjra UG,2026-09-08T13:45:00,0.235,12.0,0.77,0.92,0.454,20.52,32.1,41.4,0.57,1
Bhubaneswari OC,2026-09-08T18:47:00,0.294,6.3,0.51,1.46,0.433,20.4,31.1,59.1,1.39,1
Bhubaneswari OC,2026-09-07T03:47:00,0.23,7.4,0.89,1.25,0.442,20.07,28.5,62.4,1.31,1
Adriyala Shaft,2026-09-04T06:51:00,0.115,3.5,1.59,0.45,0.429,20.72,24.1,82.3,1.45,1
Kenduadih,2026-09-09T05:20:00,0.189,0.6,0.26,0.53,0.269,19.92,30.8,48.3,0.61,1
Bhatdih,2026-09-01T08:55:00,0.221,7.2,0.73,1.53,0.174,20.4,26.4,82.1,1.17,1
Jhanjra UG,2026-09-07T14:04:00,0.276,6.0,0.66,1.08,0.403,21,26.3,68.5,0.74,1
Churcha RO,2026-09-02T23:29:00,0.144,2.5,0.79,0.52,0.207,19.94,29.3,47.5,0.71,1
Gevra OC,2026-09-08T10:57:00,0.457,2.2,0,1.43,0.453,19.98,26.6,72.3,1.1,1
Moonidih,2026-09-07T06:44:00,0.277,13.4,0.62,0.84,0.385,20.76,27.0,35.1,2.17,1
Jhanjra UG,2026-09-05T23:44:00,0.394,5.7,0.93,0.22,0.479,20.76,33.1,72.3,1.35,1
Adriyala Shaft,2026-09-01T22:21:00,0.261,6.4,0.56,1.03,0.439,21,30.5,54.2,1.39,1
Churcha RO,2026-09-03T20:43:00,0.457,7.7,0.58,0.91,0.28,21,30.8,70.2,1.82,1
Jhanjra UG,2026-09-08T06:05:00,0.245,12.7,0.66,0.62,0.362,20.29,30.2,64.8,0,1
Churcha RO,2026-09-05T22:01:00,0.349,9.6,0.47,0.43,0.24,20.88,28.1,79.4,1.51,1
Bhatdih,2026-09-07T03:15:00,0.503,9.5,0.89,0.95,0.492,19.97,22.4,67.0,0.93,2
Bhubaneswari OC,2026-09-03T15:49:00,0.263,6.8,0.54,0.76,0.344,20.83,22.2,77.5,0.62,1
Churcha RO,2026-09-09T13:27:00,0.39,9.5,0.51,0.79,0.428,21,30.6,50.9,1.45,1
Jayant OC,2026-09-02T09:44:00,0.462,10.5,0.32,0.59,0.356,21,30.1,82.4,0.72,1
Jayant OC,2026-09-03T03:00:00,0.266,7.0,0,0.96,0.415,20.0,29.8,58.3,1.07,1
Jhanjra UG,2026-09-02T00:21:00,0.273,5.7,0.85,0.66,0.433,19.72,29.0,69.5,1.62,1
Jayant OC,2026-09-03T11:10:00,0.184,7.8,0.61,0.68,0.273,20.99,30.1,57.5,2.22,1
Bhatdih,2026-09-03T05:59:00,0.346,0,0.43,0.62,0.4,20.46,28.4,63.8,2.23,1
Moonidih,2026-09-02T18:23:00,0.341,0,0.28,0.78,0.296,20.27,31.7,63.5,0.87,1
Churcha RO,2026-09-06T02:35:00,0,7.9,0.73,1.45,0.647,20.36,32.1,69.7,1.19,1
Bhubaneswari OC,2026-09-04T23:57:00,0.584,10.7,0.51,0.49,0.367,20.1,24.9,55.2,0.99,2
Rajmahal OC,2026-09-07T23:46:00,0.307,5.0,0.81,0.82,0.41,20.96,32.4,47.7,1.54,1
Bhatdih,2026-09-04T16:26:00,0.298,11.9,0.72,0.83,0.516,21,33.0,63.9,1.16,1
Gevra OC,2026-09-05T08:54:00,0.059,9.7,0.19,0.57,0.335,20.12,26.8,63.0,1.28,1
Gevra OC,2026-09-02T04:06:00,0.232,11.6,0.37,0.97,0.323,20.15,28.9,70.1,1.35,1
Jhanjra UG,2026-09-05T22:44:00,0.176,9.1,0.71,1.06,0.414,19.96,20.4,69.5,2.72,1
Kenduadih,2026-09-05T05:01:00,0.447,15.4,0.64,0.72,0.439,20.51,31.8,50.0,1.4,2
Jayant OC,2026-09-04T12:23:00,0.417,4.0,0.37,0.74,0.543,21,29.0,67.5,1.61,1
Churcha RO,2026-09-06T03:02:00,0.196,5.3,0.39,0.83,0.381,21,31.4,60.1,1.65,0
Bhubaneswari OC,2026-09-08T04:02:00,0.624,10.8,0.06,1.06,0.302,20.51,24.7,69.2,2.04,1
Kenduadih,2026-09-04T20:56:00,0.234,5.8,0.35,0.68,0.499,20.33,27.6,64.0,1.93,1
Rajmahal OC,2026-09-06T12:17:00,0.303,20.8,0.44,0.78,0.283,21,21.1,67.2,0.92,1
Jhanjra UG,2026-09-04T05:06:00,0.461,13.3,0.57,1.52,0.433,20.32,35.1,55.7,1.63,2
Adriyala Shaft,2026-09-03T05:15:00,0.235,5.4,0.77,0,0.715,21,29.5,84.0,1.72,1
Kenduadih,2026-09-04T15:34:00,0.166,5.3,0.95,0.46,0.504,20.37,24.4,60.0,1.32,1
Bhatdih,2026-09-03T10:03:00,0.319,9.0,0.88,0.99,0.513,20.57,25.3,77.0,1.75,1
Moonidih,2026-09-07T18:06:00,0.172,11.7,0.88,0.92,0.438,20.03,27.4,79.0,2.05,1
Gevra OC,2026-09-06T07:42:00,0.274,10.1,0.9,1.61,0.466,19.27,26.5,60.0,2.71,2
Kenduadih,2026-09-01T05:38:00,0.255,9.5,0.23,0.77,0.317,20.51,28.2,61.1,0.5,1
Gevra OC,2026-09-02T22:42:00,0.645,3.0,0.57,1.31,0.451,20.39,27.9,57.6,1.98,1
Gevra OC,2026-09-07T05:56:00,0.29,5.0,0.58,0.8,0.437,20.49,29.9,74.9,1.51,1
Jayant OC,2026-09-01T09:01:00,0.154,8.2,0.37,0.75,0.202,20.63,24.4,52.6,1.66,0
Gevra OC,2026-09-06T19:39:00,0.35,7.9,0.64,0.34,0.575,20.6,29.3,90.8,0.71,1
Bhubaneswari OC,2026-09-09T08:42:00,0.255,3.9,0.27,0.35,0.37,20.57,22.7,88.6,0.64,0
Bhatdih,2026-09-08T06:06:00,0.403,7.5,0.63,0.4,0.479,20.33,28.1,69.3,1.51,1
Moonidih,2026-09-07T05:23:00,0.357,13.5,0.84,0.73,0.531,21,19.7,68.9,1.39,1
Jayant OC,2026-09-02T02:42:00,0.514,5.0,0.74,0.76,0.511,20.56,31.1,80.5,2.0,1
Gevra OC,2026-09-04T15:19:00,0.355,4.1,0.51,0.51,0.492,20.68,17.7,61.3,0.78,1
Churcha RO,2026-09-08T05:10:00,0,1.8,0.86,1.31,0.428,19.85,27.5,70.6,1.45,1
Adriyala Shaft,2026-09-02T02:24:00,0.328,6.1,0,1.35,0.1,21,22.7,51.4,1.41,0
Rajmahal OC,2026-09-07T03:26:00,0.629,5.2,0.66,0.73,0.509,21,23.0,56.3,0.82,1
Jhanjra UG,2026-09-07T08:24:00,0.419,12.3,0.54,0,0.515,20.21,30.6,69.9,0.78,1
Bhubaneswari OC,2026-09-06T22:15:00,0.269,3.9,0.35,0.99,0.49,19.94,23.9,56.8,1.96,1
Moonidih,2026-09-04T04:19:00,0.291,0,0.55,0.75,0.435,20.11,27.1,76.4,1.38,1
Bhubaneswari OC,2026-09-08T16:55:00,0.236,8.5,0.24,0.73,0.265,20.96,30.3,73.8,1.08,1
Gevra OC,2026-09-04T01:15:00,0.378,3.7,0.64,1.09,0.346,20.49,32.9,48.5,2.01,1
Moonidih,2026-09-01T07:23:00,0.318,0,0.68,0.71,0.323,20.76,23.8,61.6,1.19,1
Bhubaneswari OC,2026-09-07T01:10:00,0.222,6.6,0.77,0.41,0.365,20.74,33.2,54.8,1.25,1
Kenduadih,2026-09-01T15:58:00,0.186,8.5,0.3,0.85,0.47,20.69,33.6,45.1,1.37,1
Jhanjra UG,2026-09-06T14:16:00,0.178,3.7,0.73,0.82,0.429,20.1,33.6,62.0,0.81,1
Adriyala Shaft,2026-09-06T17:41:00,0.367,2.1,0.59,0.98,0.31,20.98,30.9,54.9,0.19,1
Kenduadih,2026-09-05T06:09:00,0.202,5.9,0.58,0.89,0.543,20.45,30.0,59.1,1.09,1
Rajmahal OC,2026-09-08T09:16:00,0,8.8,0,1.05,0.231,19.91,24.5,58.3,0.34,0
Jayant OC,2026-09-06T16:19:00,0.098,11.7,0,0.15,0.437,20.08,26.6,50.2,0.91,1
Jhanjra UG,2026-09-03T21:57:00,0.17,12.4,0,0.88,0.441,20.77,30.2,71.1,0.23,0
Gevra OC,2026-09-01T20:37:00,0.24,5.7,0.6,1.6,0.217,21,24.3,74.6,1.11,1
Kenduadih,2026-09-03T04:12:00,0.317,9.4,0.46,1.16,0.325,20.83,25.1,64.0,1.75,1
Gevra OC,2026-09-01T00:28:00,0.136,10.8,0.78,0.56,0.336,21,28.8,53.6,1.16,1
Bhatdih,2026-09-07T12:27:00,0.231,9.7,1.0,0.59,0.373,20.69,21.2,72.3,2.12,1
Bhubaneswari OC,2026-09-04T07:44:00,0.269,8.7,0.59,1.17,0.488,20.54,29.3,59.4,1.0,1
Gevra OC,2026-09-09T19:33:00,0.111,7.3,0.63,0.46,0.398,20.64,28.5,75.5,1.22,1
Gevra OC,2026-09-04T23:08:00,0.091,10.5,1.17,1.79,0.234,20.55,32.4,83.7,1.56,1
Adriyala Shaft,2026-09-09T19:03:00,0.273,7.5,0.1,0.99,0.483,20.42,27.1,70.5,1.07,1
Kenduadih,2026-09-01T09:26:00,0.521,7.8,0.47,0.73,0.362,20.02,24.3,73.6,1.04,1
Churcha RO,2026-09-02T03:31:00,0.314,6.3,0.3,0.63,0.367,20.61,26.4,64.0,1.11,1
Adriyala Shaft,2026-09-08T10:15:00,0.098,3.6,0.9,0,0.336,20.9,30.7,75.7,2.53,1
Moonidih,2026-09-02T08:41:00,0.178,9.7,0.51,1.2,0.484,19.28,28.4,65.7,1.19,1
Adriyala Shaft,2026-09-02T03:54:00,0,11.0,0.49,0.93,0.479,19.56,30.3,57.4,1.13,1
Moonidih,2026-09-06T10:11:00,0.158,10.2,0.51,0.59,0.329,21,21.9,63.1,2.79,0
Churcha RO,2026-09-01T05:06:00,0,14.0,0.46,1.19,0.506,19.78,23.8,50.6,2.44,1
Jayant OC,2026-09-03T15:58:00,0.451,11.9,0.32,0.41,0.355,19.84,23.5,49.8,0.47,1
Bhubaneswari OC,2026-09-06T16:33:00,0.417,10.7,0.72,0.89,0.339,21,25.0,49.6,0.59,1
Kenduadih,2026-09-01T00:41:00,0.21,12.9,0.75,0.8,0.492,20.28,24.5,71.8,0.63,1
Jhanjra UG,2026-09-07T12:52:00,0.131,7.8,0.32,0.81,0.401,20.06,26.4,72.1,0.49,1
Adriyala Shaft,2026-09-01T03:25:00,0.292,11.8,0.65,0.65,0.381,20.06,28.0,81.4,1.34,1
Jayant OC,2026-09-06T11:52:00,0.485,9.1,0.74,0.17,0.539,20.34,32.0,56.8,1.0,2
Moonidih,2026-09-02T21:14:00,0.163,11.1,0,0.46,0.549,19.86,24.3,57.8,2.16,1
Moonidih,2026-09-07T03:16:00,0.147,14.3,0.74,0.73,0.246,20.39,30.3,66.7,2.31,1
Kenduadih,2026-09-01T20:53:00,0.484,8.7,0.64,0.97,0.344,20.65,25.7,56.2,2.65,1
Kenduadih,2026-09-08T16:49:00,0.526,13.9,0.11,0.94,0.142,20.47,34.5,65.4,0.7,1
Jhanjra UG,2026-09-07T19:58:00,0.248,7.1,0.33,0.87,0.357,20.13,23.4,56.0,2.99,1
Adriyala Shaft,2026-09-06T22:47:00,0.243,18.2,0.82,0.72,0.469,20.88,25.9,49.2,1.12,1
Rajmahal OC,2026-09-03T16:34:00,0.522,6.2,0.35,0.56,0.342,20.08,32.9,79.4,1.36,1
Gevra OC,2026-09-07T00:33:00,0.237,1.4,0.13,0.6,0.547,20.22,24.1,46.2,0,0
Churcha RO,2026-09-01T22:50:00,0.235,10.2,0.53,0.67,0.341,20.5,25.6,63.3,2.09,1
Bhatdih,2026-09-09T22:18:00,0.353,12.8,0.29,1.14,0.288,20.0,25.4,62.3,1.02,1
Moonidih,2026-09-08T07:58:00,0.181,11.5,0.37,1.85,0.327,20.26,32.7,72.6,1.55,1
Gevra OC,2026-09-09T03:24:00,0.306,3.0,0.09,0.38,0.481,20.41,30.7,78.6,1.69,0
Moonidih,2026-09-03T10:38:00,0.386,3.4,0.67,1.16,0.497,20.49,31.6,63.5,1.05,1
Moonidih,2026-09-09T02:50:00,0.331,2.5,0.64,0.52,0.431,19.89,33.6,71.9,0,1
Rajmahal OC,2026-09-09T15:35:00,0.24,10.7,0.82,0.5,0.453,21,24.1,60.9,2.08,1
Moonidih,2026-09-02T12:16:00,0.404,10.4,0.53,1.37,0.465,20.32,36.1,70.2,0.45,1
Rajmahal OC,2026-09-04T10:32:00,0.481,7.9,0.43,0.12,0.382,19.91,27.6,56.6,1.56,1
Churcha RO,2026-09-02T06:34:00,0.386,7.2,0.86,0.67,0.437,20.51,24.7,49.9,2.06,1
Jayant OC,2026-09-05T17:04:00,0.182,2.3,0,0.8,0.342,20.07,28.9,67.8,1.64,0
Kenduadih,2026-09-02T23:37:00,0.444,0.1,0.23,1.04,0.328,20.75,26.5,68.2,2.78,0
Moonidih,2026-09-08T12:25:00,0.309,7.5,0.39,0.97,0.379,20.6,24.7,79.6,2.2,1
Moonidih,2026-09-06T00:35:00,0.117,8.8,0.7,1.1,0.437,19.9,30.2,63.6,0.72,1
Rajmahal OC,2026-09-06T06:26:00,0.002,8.7,0.57,0.44,0.356,20.3,27.5,69.1,2.77,1
Rajmahal OC,2026-09-09T14:41:00,0.36,10.0,0.33,0.6,0.512,20.99,26.8,63.6,1.52,1
Rajmahal OC,2026-09-04T03:18:00,0,13.4,0.7,0.8,0.466,19.42,23.2,55.7,2.43,1
Kenduadih,2026-09-03T00:20:00,0.389,9.1,0.23,0.83,0.317,19.85,31.0,75.6,2.22,1
Adriyala Shaft,2026-09-08T11:49:00,0,9.4,0.04,0.6,0.338,20.02,32.7,59.4,2.3,0
Bhatdih,2026-09-02T00:54:00,0.228,8.2,0.42,0.67,0.364,21,30.1,60.8,1.38,1
Rajmahal OC,2026-09-09T15:41:00,0.091,3.0,0.1,0.2,0.319,20.53,29.1,63.6,3.19,0
Jhanjra UG,2026-09-03T16:08:00,0.229,10.1,0.57,0.16,0.372,21,24.0,64.3,0.32,1
Bhubaneswari OC,2026-09-08T07:04:00,0.297,10.8,0.83,0.06,0.318,20.99,33.2,67.7,1.41,1
Bhatdih,2026-09-09T20:53:00,0.27,8.9,0.68,1.64,0.328,20.93,26.8,65.9,2.2,1
Bhatdih,2026-09-09T08:24:00,0.284,9.6,0.3,0.56,0.383,20.23,24.9,54.2,0.25,1
Adriyala Shaft,2026-09-05T06:09:00,0.161,7.6,0.73,0.46,0.265,20.58,25.8,64.9,1.66,1
Jhanjra UG,2026-09-08T06:37:00,0.352,11.0,0.84,1.04,0.266,20.12,29.8,76.4,2.28,2
Jhanjra UG,2026-09-03T16:25:00,0.207,4.7,0.51,1.01,0.355,20.35,19.6,63.3,1.79,1
Kenduadih,2026-09-08T15:10:00,0.372,13.6,0.42,1.27,0.288,21,19.3,67.8,2.57,1
Adriyala Shaft,2026-09-02T07:24:00,0.398,3.3,0.65,0.09,0.461,21,27.4,81.0,1.02,1
Jayant OC,2026-09-01T17:32:00,0.438,8.5,0.54,0,0.369,20.12,21.1,60.1,1.19,1
Churcha RO,2026-09-09T13:14:00,0.483,11.2,0.8,0.51,0.636,20.51,26.2,55.4,0.07,2
Bhubaneswari OC,2026-09-08T07:58:00,0.446,9.0,0.22,0.24,0.313,20.56,21.8,69.4,1.75,1
Churcha RO,2026-09-06T13:23:00,0.236,16.0,0.34,0.94,0.355,19.65,26.2,62.6,2.67,1
Churcha RO,2026-09-04T13:35:00,0.31,11.3,0.86,0.78,0.596,20.08,29.8,62.6,2.69,2
Rajmahal OC,2026-09-04T14:50:00,0.157,8.4,0.28,0.7,0.368,20.93,26.2,49.3,2.22,0
Jhanjra UG,2026-09-01T02:52:00,0.126,11.9,0.71,0.96,0.225,19.93,24.0,74.4,1.76,1
Jhanjra UG,2026-09-05T22:38:00,0.1,9.0,0.7,0.96,0.306,21.0,26.5,42.2,0.55,1
Moonidih,2026-09-01T19:32:00,0.428,15.0,0.31,0.53,0.317,20.72,33.6,67.7,0.88,1
Rajmahal OC,2026-09-07T18:12:00,0.234,2.8,0.37,0.46,0.247,19.37,30.7,69.2,0.54,1
Rajmahal OC,2026-09-05T07:38:00,0.432,14.2,0.55,1.24,0.339,20.4,22.9,57.0,1.13,1
Adriyala Shaft,2026-09-05T17:52:00,0.154,9.1,0.69,0.81,0.272,20.47,24.4,64.8,2.21,1
Kenduadih,2026-09-01T15:07:00,0.421,8.0,0.82,0.47,0.48,20.52,31.6,67.4,0.31,1
Bhatdih,2026-09-04T09:05:00,0.494,10.3,0.95,0.78,0.411,20.93,32.6,61.7,3.01,2
Jayant OC,2026-09-04T15:47:00,0.317,4.6,0.01,1.62,0.506,20.04,28.5,71.2,1.11,1
Adriyala Shaft,2026-09-08T19:00:00,0.311,11.0,0.48,1.09,0.497,19.68,23.7,78.7,1.74,1
Rajmahal OC,2026-09-03T16:17:00,0.341,15.5,0.35,0.56,0.463,21,23.1,57.8,1.21,1
Jayant OC,2026-09-02T22:33:00,0.334,13.2,1.01,1.04,0.276,20.58,24.0,64.8,1.31,1
Bhubaneswari OC,2026-09-05T07:17:00,0.214,7.8,0.54,0.62,0.313,20.88,30.2,69.2,1.11,1
Bhubaneswari OC,2026-09-04T03:46:00,0.433,7.1,0.63,1.18,0.254,20.91,25.3,72.6,0.51,1
Bhatdih,2026-09-07T15:08:00,0.359,9.7,0.14,0.96,0.348,20.75,21.8,63.6,1.52,1
Rajmahal OC,2026-09-02T14:47:00,0.172,7.3,0.27,0.83,0.42,20.38,29.9,68.5,1.63,1
Gevra OC,2026-09-04T18:36:00,0.412,7.8,0.78,0.12,0.336,20.21,31.4,56.0,2.47,1
Rajmahal OC,2026-09-03T05:40:00,0.419,14.2,0.22,1.27,0.237,20.56,31.0,58.7,1.24,1
Gevra OC,2026-09-05T19:41:00,0.506,3.1,0.69,0.08,0.523,20.9,29.8,59.3,2.57,1
Jayant OC,2026-09-05T23:44:00,0.278,12.3,0.69,0.51,0.178,19.83,25.8,68.3,2.78,1
Churcha RO,2026-09-02T03:16:00,0.335,9.0,0.79,1.58,0.533,20.34,28.2,66.6,0.53,1
Kenduadih,2026-09-06T10:55:00,0.423,12.8,0.69,0.57,0.401,20.91,26.5,61.2,1.6,1
Bhubaneswari OC,2026-09-08T20:47:00,0.269,0.1,0.62,1.26,0.35,21,35.3,52.0,1.24,1
Kenduadih,2026-09-01T00:33:00,0.103,10.3,0,0.62,0.329,20.54,30.9,69.6,1.1,0
Jhanjra UG,2026-09-05T19:14:00,0.346,5.5,0.78,1.7,0.412,21,26.5,75.6,1.55,1
Moonidih,2026-09-04T16:48:00,0.207,7.2,0.74,0.51,0.4,21,23.4,50.1,1.56,1
Kenduadih,2026-09-05T03:40:00,0.36,10.2,0.07,0.66,0.561,20.69,24.2,68.8,1.1,1
Bhubaneswari OC,2026-09-08T23:00:00,0.212,5.9,0.36,0.62,0.432,20.52,25.5,63.6,2.01,1
Adriyala Shaft,2026-09-01T10:05:00,0.371,8.6,0.53,0.89,0.502,20.63,23.4,54.3,2.39,1
Jhanjra UG,2026-09-04T12:49:00,0.543,10.4,0.8,1.0,0.468,21,31.1,47.9,2.49,1
Bhubaneswari OC,2026-09-05T10:10:00,0.478,8.2,1.47,1.0,0.555,21,31.3,67.6,2.27,2
Moonidih,2026-09-07T10:00:00,0.294,3.0,0.75,1.12,0.371,20.95,33.6,69.8,2.08,1
Jhanjra UG,2026-09-03T11:49:00,0.282,9.5,0.12,0.56,0.445,21,27.0,59.4,0.36,0
Churcha RO,2026-09-02T04:31:00,0.301,12.7,0.39,0.47,0.566,20.34,31.5,68.5,2.06,1
Adriyala Shaft,2026-09-03T08:57:00,0.453,5.9,0.85,0.57,0.327,21,23.9,74.7,1.6,1
Moonidih,2026-09-09T05:04:00,0.14,8.4,0.37,1.39,0.424,20.8,24.3,78.3,1.26,0
Rajmahal OC,2026-09-01T19:54:00,0.579,9.9,0.71,0.77,0.495,21,28.0,60.4,1.85,1
Gevra OC,2026-09-06T13:41:00,0.318,5.1,0.42,0.22,0.304,20.38,23.4,63.2,0.45,1
Gevra OC,2026-09-02T01:36:00,0.234,11.7,0.73,1.49,0.477,21,33.9,68.4,2.38,1
Jayant OC,2026-09-02T14:51:00,0.2,3.9,0.43,0.51,0.309,21,36.3,74.9,1.74,1
Moonidih,2026-09-02T09:04:00,0.469,3.8,0.88,1.37,0.282,20.55,26.7,55.9,0.84,1
Adriyala Shaft,2026-09-07T23:06:00,0.366,7.6,0.44,0.31,0.445,21,28.0,79.0,2.07,1
Kenduadih,2026-09-03T17:38:00,0.525,5.2,0.76,0.38,0.222,20.66,30.2,57.6,1.92,1
Bhubaneswari OC,2026-09-09T06:24:00,0.596,4.5,0,0.38,0.458,20.07,23.0,51.1,1.24,1
Rajmahal OC,2026-09-09T04:56:00,0.4,10.7,0.4,1.22,0.374,19.86,31.9,78.4,1.38,1
Bhatdih,2026-09-03T03:02:00,0.732,8.5,0.56,1.14,0.432,19.31,31.9,44.9,0.46,2
Bhubaneswari OC,2026-09-04T23:04:00,0.286,6.7,0.63,0.45,0.498,20.6,35.3,73.5,1.94,1
Gevra OC,2026-09-02T01:58:00,0.325,5.6,0.71,0.26,0.206,20.0,25.2,60.2,1.37,1
Gevra OC,2026-09-01T20:49:00,0.105,3.7,0.95,0.1,0.501,20.75,25.9,57.2,0.61,1
Jayant OC,2026-09-09T02:14:00,0.472,9.6,0.34,1.27,0.328,21,31.4,77.3,3.63,1
Jayant OC,2026-09-09T13:49:00,0.293,7.0,0.79,0.91,0.431,20.36,27.4,61.6,1.7,1
Jhanjra UG,2026-09-07T10:43:00,0.313,3.4,0.6,1.18,0.284,20.22,32.9,64.8,1.53,1
Kenduadih,2026-09-06T19:52:00,0.418,13.0,0.74,0.47,0.443,20.21,32.8,73.4,1.6,2
Bhubaneswari OC,2026-09-03T09:00:00,0.184,5.0,0.69,0.67,0.377,20.23,27.8,60.8,1.46,1
Gevra OC,2026-09-05T17:30:00,0.188,7.3,0.36,0.72,0.407,20.66,32.8,68.5,2.43,1
Kenduadih,2026-09-05T01:29:00,0.29,5.8,0.48,0.73,0.272,20.13,30.4,66.6,1.2,1
Moonidih,2026-09-07T07:24:00,0.559,13.4,0.68,0.34,0.211,20.35,29.5,59.5,3.1,2
Rajmahal OC,2026-09-04T16:19:00,0.368,7.7,0.26,1.54,0.337,20.44,23.6,65.0,1.65,1
Gevra OC,2026-09-05T01:40:00,0.286,1.4,0.53,1.4,0.417,20.24,30.7,92.7,1.44,1
Bhatdih,2026-09-07T16:43:00,0.528,2.2,0.53,0.71,0.324,20.36,32.9,82.4,1.31,1
Kenduadih,2026-09-03T06:41:00,0.246,12.2,0.17,0.35,0.465,20.11,29.5,56.4,0.96,1
Jhanjra UG,2026-09-03T10:04:00,0.101,5.0,0.55,1.01,0.319,19.51,31.6,59.3,2.65,1
Rajmahal OC,2026-09-07T09:28:00,0.161,1.8,0.4,1.11,0.575,20.57,28.8,53.8,3.45,0
Bhatdih,2026-09-01T11:05:00,0.356,10.1,0.55,0.87,0.538,20.44,23.7,56.5,1.02,1
Bhubaneswari OC,2026-09-04T01:26:00,0.238,13.2,0.93,0.23,0.428,20.7,31.6,59.1,1.58,1
Moonidih,2026-09-06T14:56:00,0.628,3.6,0.58,1.39,0.42,20.82,32.4,87.3,0.47,1
Adriyala Shaft,2026-09-09T16:41:00,0.377,1.8,0.73,0.22,0.283,20.41,24.1,77.1,1.11,1
Moonidih,2026-09-01T06:18:00,0.137,7.4,0.54,0.7,0.521,20.48,22.8,74.9,0.6,1
Bhubaneswari OC,2026-09-03T14:53:00,0.236,5.3,0.65,1.01,0.302,19.89,30.6,76.4,1.82,1
Bhubaneswari OC,2026-09-04T14:05:00,0.449,10.5,0.67,1.28,0.499,20.11,25.2,70.5,2.37,1
Bhatdih,2026-09-02T16:45:00,0.326,5.4,0.89,0.74,0.342,20.48,26.3,61.1,0.41,1
Jayant OC,2026-09-03T04:11:00,0.241,0,0.37,0.65,0.372,20.45,29.7,72.9,2.6,0
Moonidih,2026-09-05T00:29:00,0.084,5.0,0.62,0.85,0.292,20.32,26.6,69.6,1.9,1
Bhubaneswari OC,2026-09-04T17:17:00,0.416,4.0,1.12,0.83,0.41,21,23.9,66.6,2.45,1
Kenduadih,2026-09-05T10:58:00,0.397,2.9,0.1,0.87,0.462,20.94,29.3,66.6,1.66,0
Churcha RO,2026-09-06T01:05:00,0.448,9.3,0.7,1.34,0.283,20.01,22.2,55.1,1.89,1
Bhatdih,2026-09-05T10:33:00,0.448,4.2,1.07,1.09,0.248,20.6,26.8,60.0,1.57,1
Jayant OC,2026-09-05T13:38:00,0.071,7.0,0.39,0.68,0.382,19.8,32.6,64.1,0.8,1
Gevra OC,2026-09-03T19:14:00,0,7.7,0.89,0.15,0.24,20.06,24.9,63.5,0.57,1
Bhatdih,2026-09-09T20:13:00,0.308,8.0,0.92,0.88,0.543,21,32.6,30,0.88,1
Moonidih,2026-09-06T10:25:00,0.37,4.1,0.15,0.8,0.437,20.3,32.8,65.5,1.11,1
Kenduadih,2026-09-08T17:57:00,0.273,7.4,0.62,1.12,0.322,21,34.2,56.0,0.94,1
Gevra OC,2026-09-01T06:36:00,0.164,0.9,0.63,0.92,0.385,19.86,27.3,59.5,0.58,1
Gevra OC,2026-09-07T05:38:00,0.396,0.0,0.02,1.64,0.395,20.62,33.6,63.6,2.07,0
Churcha RO,2026-09-08T09:13:00,0.137,12.4,0.12,0.7,0.317,21,28.8,57.6,1.51,0
Rajmahal OC,2026-09-08T23:55:00,0.276,9.8,0.61,0.12,0.493,20.22,32.5,66.8,0.98,1
Rajmahal OC,2026-09-01T14:24:00,0.3,6.7,0.75,0.82,0.355,21,27.5,71.8,1.48,1
Rajmahal OC,2026-09-01T18:48:00,0.397,10.3,1.06,1.01,0.462,20.18,29.4,62.0,1.63,2
Bhatdih,2026-09-03T08:07:00,0.053,6.2,0.34,0.9,0.478,19.66,26.6,61.2,0.94,1
Moonidih,2026-09-05T19:57:00,0.486,6.7,0.8,1.1,0.324,20.38,34.8,58.7,1.06,2
Gevra OC,2026-09-08T19:22:00,0.259,6.8,0.48,1.65,0.439,20.97,29.2,73.5,1.91,1
Bhatdih,2026-09-08T03:29:00,0.251,10.3,0.53,0.07,0.599,21,28.5,52.1,2.7,1
Bhatdih,2026-09-07T05:44:00,0.449,5.5,0.07,0.52,0.416,20.66,35.8,48.6,0.32,1
Gevra OC,2026-09-03T16:06:00,0.375,0,0.43,0.83,0.308,20.57,25.6,66.5,1.62,1
Jayant OC,2026-09-04T17:10:00,0.097,10.9,0.01,0.53,0.529,20.66,23.2,56.6,1.98,0
Bhubaneswari OC,2026-09-02T23:59:00,0.198,10.4,0.66,0.31,0.423,19.98,29.2,52.8,1.6,1
Kenduadih,2026-09-02T21:52:00,0.52,9.0,0.37,0.51,0.35,20.94,30.5,61.4,2.26,1
Kenduadih,2026-09-03T21:09:00,0.32,4.1,0.06,0.82,0.555,21.0,34.6,50.9,1.49,0
Bhubaneswari OC,2026-09-05T13:45:00,0.298,4.1,0.44,0.57,0.369,20.32,24.8,45.0,0.74,1
Gevra OC,2026-09-09T11:07:00,0.498,7.7,0.23,0.49,0.513,19.7,36.0,73.2,1.53,1
Bhatdih,2026-09-03T15:08:00,0.299,9.9,0.34,0.68,0.304,20.3,31.6,55.8,2.18,1
Adriyala Shaft,2026-09-08T21:27:00,0.029,5.4,0.3,1.12,0.351,21,28.4,66.1,1.23,0
Jhanjra UG,2026-09-09T13:35:00,0.233,12.9,0.72,0.42,0.456,20.66,22.7,59.4,1.73,1
Bhubaneswari OC,2026-09-01T01:36:00,0.22,9.9,0.47,0.82,0.238,20.51,27.3,57.3,2.44,1
Bhubaneswari OC,2026-09-05T14:33:00,0.212,7.5,0.36,0.19,0.418,21,33.1,93.5,1.26,1
Churcha RO,2026-09-06T17:49:00,0.096,7.2,0.51,1.36,0.323,19.86,26.0,53.6,0.53,1
Moonidih,2026-09-01T22:59:00,0.201,3.3,0.57,0.16,0.431,19.38,32.8,67.5,0.87,1
Kenduadih,2026-09-05T15:05:00,0.299,1.6,0.4,0.74,0.34,20.55,39.6,74.7,1.9,1
Jhanjra UG,2026-09-03T18:47:00,0.104,0.2,0.48,0.76,0.453,20.31,35.8,69.8,1.53,1
Jhanjra UG,2026-09-03T15:48:00,0.222,4.8,0.74,1.42,0.405,20.81,27.0,64.6,3.58,1
Jayant OC,2026-09-02T01:10:00,0.261,8.4,0.28,0.27,0.452,20.7,34.3,56.9,2.45,1
Bhubaneswari OC,2026-09-01T09:59:00,0.198,10.0,0.49,0.13,0.304,20.4,26.8,54.1,2.49,1
Bhubaneswari OC,2026-09-05T10:17:00,0.54,5.4,0.68,0,0.353,21,30.8,53.3,2.73,1
Bhatdih,2026-09-03T10:35:00,0.337,5.1,0.21,0.58,0.366,20.17,24.8,49.9,0.31,1
Moonidih,2026-09-04T01:01:00,0.272,4.5,0,0.98,0.403,20.93,30.6,66.6,2.14,0
Kenduadih,2026-09-03T03:44:00,0.597,13.2,0.18,0.17,0.536,20.28,27.5,60.1,1.76,1
Jhanjra UG,2026-09-06T08:10:00,0.238,7.9,0.84,1.33,0.344,20.86,26.5,45.6,2.27,1
Churcha RO,2026-09-07T05:41:00,0.291,9.4,0,1.66,0.391,21,28.7,68.4,2.03,0
Bhubaneswari OC,2026-09-02T18:46:00,0.287,11.9,0.74,0.3,0.458,20.92,30.7,64.8,1.71,1
Bhatdih,2026-09-01T16:45:00,0.305,7.2,0.06,0.81,0.428,20.5,26.2,68.6,1.12,1
Bhubaneswari OC,2026-09-08T03:36:00,0.431,4.0,0.54,0.7,0.219,20.82,29.2,53.6,2.31,1
Rajmahal OC,2026-09-08T09:41:00,0.43,6.5,0.37,0.43,0.23,19.57,32.2,71.7,1.82,1
Adriyala Shaft,2026-09-02T20:28:00,0.285,8.5,0.58,0.61,0.443,20.14,20.0,58.6,0.95,1
Adriyala Shaft,2026-09-08T00:02:00,0.363,10.0,0.42,0.27,0.364,20.51,24.7,62.8,0.02,1
Gevra OC,2026-09-09T04:47:00,0.24,14.6,0.68,0.99,0.413,20.76,22.4,50.5,1.81,1
Kenduadih,2026-09-01T09:52:00,0.306,9.5,0.47,0.34,0.616,20.63,25.8,60.0,1.42,1
Churcha RO,2026-09-04T13:21:00,0.279,5.6,0.55,0.18,0.3,20.96,30.9,67.1,0.96,1
Jayant OC,2026-09-03T13:10:00,0.116,17.7,0.36,0.7,0.492,19.74,28.5,51.6,1.29,1
Gevra OC,2026-09-01T15:05:00,0.365,3.9,0.39,0.9,0.387,21,32.6,51.8,0.6,1
Moonidih,2026-09-05T16:28:00,0.642,8.4,0.39,0.28,0.368,21,29.2,54.0,1.81,1
Jayant OC,2026-09-05T11:26:00,0.36,8.2,0.69,0.61,0.274,20.36,22.6,80.9,2.29,1
Moonidih,2026-09-04T08:03:00,0.208,7.1,1.32,0.71,0.254,19.82,32.7,64.0,0.41,2
Adriyala Shaft,2026-09-06T09:13:00,0.347,9.7,0.61,1.29,0.217,20.21,28.0,67.9,1.38,1
Jayant OC,2026-09-02T07:46:00,0.298,13.5,0.75,0.52,0.426,20.6,25.7,63.6,2.45,1
Bhubaneswari OC,2026-09-07T06:24:00,0.333,5.0,0.35,0.99,0.543,20.1,34.2,62.9,1.82,1
Adriyala Shaft,2026-09-06T08:12:00,0.478,10.4,0.8,0.94,0.429,21,29.7,73.7,0.99,1
Gevra OC,2026-09-05T19:10:00,0.326,12.3,0.83,1.0,0.42,20.83,24.4,69.4,2.15,1
Kenduadih,2026-09-01T23:27:00,0.463,5.1,0.3,0.71,0.297,20.82,29.8,59.7,0.62,1
Adriyala Shaft,2026-09-01T01:30:00,0.328,8.1,0.82,0.96,0.626,21,25.1,73.3,1.0,1
Rajmahal OC,2026-09-04T04:22:00,0.481,9.0,0,0.89,0.448,20.01,28.3,77.8,2.79,1
Bhatdih,2026-09-08T14:49:00,0.319,9.0,1.61,1.39,0.415,20.79,31.8,53.0,1.05,2
Jhanjra UG,2026-09-01T09:27:00,0.408,5.1,0.57,0.43,0.262,20.66,29.0,62.1,2.06,1
Bhatdih,2026-09-09T21:23:00,0.216,6.2,0.11,0.56,0.369,20.22,22.9,53.1,3.09,0
Moonidih,2026-09-04T17:07:00,0.41,10.5,0.29,0.54,0.458,21,33.7,71.4,2.13,1
Bhubaneswari OC,2026-09-09T21:27:00,0.706,7.5,0.0,1.23,0.287,20.52,21.2,55.8,3.04,1
Bhatdih,2026-09-06T21:44:00,0.436,9.3,0.16,0.94,0.454,20.01,20.7,61.3,2.21,1
Churcha RO,2026-09-02T22:09:00,0.203,11.1,1.08,1.14,0.452,21,37.1,70.3,1.72,1
Bhubaneswari OC,2026-09-01T09:12:00,0.359,10.2,0.56,0.77,0.269,20.88,32.1,60.3,0.35,1
Churcha RO,2026-09-08T18:42:00,0.418,15.1,0.57,1.05,0.296,20.16,32.5,55.2,0.33,2
Rajmahal OC,2026-09-01T04:22:00,0.389,4.4,0.45,1.0,0.415,20.2,27.7,76.5,2.85,1
Bhatdih,2026-09-03T05:15:00,0.253,5.7,0.55,1.36,0.328,20.2,38.5,73.2,0.46,1
Churcha RO,2026-09-09T05:34:00,0.427,8.9,0.66,1.02,0.451,21,31.4,66.9,1.07,1
Bhatdih,2026-09-09T16:21:00,0.42,8.6,0.55,1.42,0.328,21,25.0,79.8,3.26,1
Bhatdih,2026-09-08T01:08:00,0.178,8.5,1.29,0.41,0.35,20.37,20.0,56.3,0.36,1
Rajmahal OC,2026-09-09T07:50:00,0.382,8.7,0.55,0.59,0.353,20.22,30.8,59.9,1.17,1
Bhatdih,2026-09-01T21:23:00,0.321,9.6,0.76,0.31,0.663,20.14,24.3,72.2,0.74,1
Jayant OC,2026-09-02T06:46:00,0.192,12.7,0.97,0.54,0.471,20.4,31.6,85.2,1.27,1
Bhubaneswari OC,2026-09-03T06:19:00,0.292,3.9,0.33,0.88,0.371,19.44,27.4,54.8,2.05,1
Bhubaneswari OC,2026-09-05T13:11:00,0.126,12.9,0.47,0.32,0.6,20.09,25.9,79.3,1.55,1
Rajmahal OC,2026-09-08T17:47:00,0.111,9.2,0.67,0.66,0.441,20.14,20.6,66.1,1.16,1
Bhubaneswari OC,2026-09-05T13:11:00,0.488,9.1,1.02,0.99,0.47,20.05,23.6,75.5,2.33,2
Bhubaneswari OC,2026-09-05T20:43:00,0.48,4.8,1.0,0.92,0.135,20.56,24.9,59.5,0.65,1
Bhubaneswari OC,2026-09-08T22:08:00,0.32,15.3,0.41,0.35,0.516,20.89,28.3,60.1,1.28,1
Gevra OC,2026-09-03T03:38:00,0.362,10.7,0,1.23,0.349,20.83,18.8,60.7,0.14,0
Jhanjra UG,2026-09-06T04:00:00,0.278,0.2,0.33,1.08,0.265,20.26,33.8,63.3,1.17,1
Jhanjra UG,2026-09-09T17:45:00,0.156,7.6,0.23,0.83,0.439,20.38,29.6,70.8,2.14,1
Rajmahal OC,2026-09-06T04:52:00,0.596,5.9,0,0.03,0.51,20.7,29.4,74.2,1.58,1
Bhubaneswari OC,2026-09-04T09:08:00,0.456,4.6,0.52,0.44,0.394,20.38,29.1,58.5,1.78,1
Adriyala Shaft,2026-09-02T01:50:00,0.235,9.1,0.59,0.55,0.237,21,31.2,65.1,1.26,1
Rajmahal OC,2026-09-04T05:42:00,0.159,5.5,0.57,0.74,0.395,20.57,29.7,67.9,0.65,1
Gevra OC,2026-09-04T16:36:00,0.181,10.2,0.53,0.79,0.319,20.09,26.2,75.7,0.4,1
Churcha RO,2026-09-04T16:54:00,0.46,11.1,0.71,0.82,0.429,20.88,32.0,57.8,1.86,1
Bhubaneswari OC,2026-09-04T13:07:00,0.289,4.4,0.8,0,0.493,20.7,31.4,59.9,1.88,1
Gevra OC,2026-09-05T21:53:00,0.352,9.4,0.83,1.31,0.364,19.89,31.5,67.3,1.99,2
Bhubaneswari OC,2026-09-06T05:00:00,0.381,8.6,0.8,1.22,0.39,21,21.4,72.7,0,1
Bhubaneswari OC,2026-09-03T02:23:00,0.229,4.5,0.05,0.71,0.473,20.84,24.3,39.1,1.41,0
Adriyala Shaft,2026-09-05T20:25:00,0,5.2,0.84,1.0,0.397,20.92,22.5,62.2,2.74,0
Gevra OC,2026-09-03T00:06:00,0.098,8.8,0.22,1.06,0.369,21,30.4,69.8,0.37,0
Moonidih,2026-09-02T21:48:00,0.304,10.3,0.19,1.05,0.411,20.15,25.8,60.5,2.56,1
Rajmahal OC,2026-09-01T13:56:00,0.329,0.9,0.63,1.36,0.322,20.52,23.6,81.5,0,1
Churcha RO,2026-09-03T15:27:00,0.193,5.4,0.67,0.48,0.478,21,29.0,70.4,0.98,1
Jhanjra UG,2026-09-01T12:16:00,0.243,11.7,0.53,0.28,0.273,20.54,23.6,62.2,1.07,1
Bhubaneswari OC,2026-09-06T11:51:00,0.267,4.7,0.34,0.5,0.247,20.46,29.4,60.6,1.27,1
Kenduadih,2026-09-02T22:04:00,0.612,9.4,0.43,0.95,0.347,20.89,24.5,76.8,1.52,1
Bhatdih,2026-09-01T22:30:00,0.517,9.8,0.62,0.69,0.393,20.21,24.5,54.6,1.42,1
Kenduadih,2026-09-06T05:39:00,0.43,8.5,0.26,0.65,0.495,20.83,27.0,58.7,0.04,1
Bhatdih,2026-09-01T09:36:00,0.306,5.2,0.74,0.02,0.404,20.72,20.5,57.0,1.35,1
Jayant OC,2026-09-06T02:41:00,0.371,2.7,0.96,0.63,0.282,20.18,27.2,77.8,0.67,1
Bhatdih,2026-09-09T05:56:00,0.269,4.6,0.49,0.62,0.326,20.17,29.6,50.1,1.38,1
Moonidih,2026-09-07T18:46:00,0.174,4.5,0.64,1.23,0.301,19.71,30.9,62.0,0.56,1
Moonidih,2026-09-02T20:13:00,0.092,4.2,0.46,0.94,0.446,20.33,24.9,57.0,1.78,0
Jayant OC,2026-09-08T17:27:00,0.287,11.3,0.74,1.32,0.406,20.87,28.6,66.9,1.7,1
Jayant OC,2026-09-01T23:31:00,0.176,7.3,0.43,0.92,0.446,20.45,35.2,61.6,1.08,1
Moonidih,2026-09-03T07:07:00,0.6,10.9,0.4,1.11,0.63,20.98,32.8,56.0,2.11,1
Kenduadih,2026-09-04T19:07:00,0.201,7.1,0,0.06,0.374,21,25.1,64.8,3.16,0
Gevra OC,2026-09-05T18:03:00,0.205,12.7,0.12,1.22,0.409,21,29.5,69.9,2.35,0
Bhubaneswari OC,2026-09-03T11:30:00,0.27,1.9,0.4,1.18,0.482,20.13,28.5,62.0,2.88,1
Gevra OC,2026-09-09T12:19:00,0.313,7.3,0.9,0.69,0.48,19.88,33.7,59.4,1.64,2
Gevra OC,2026-09-05T09:05:00,0.192,13.0,0.24,0.51,0.384,20.44,28.2,87.2,1.05,1
Adriyala Shaft,2026-09-08T15:47:00,0.213,15.6,0.67,1.16,0.325,21,23.7,51.1,1.45,1
Jayant OC,2026-09-07T19:46:00,0.361,11.2,0.38,0.01,0.505,20.74,29.4,64.7,1.8,1
Rajmahal OC,2026-09-06T18:05:00,0.287,3.6,0.6,0.82,0.311,19.95,28.6,59.8,0.59,1
Churcha RO,2026-09-06T14:30:00,0.423,10.6,0.8,1.54,0.364,20.58,20.3,58.0,0.19,1
Jhanjra UG,2026-09-04T00:01:00,0.285,14.1,0.75,0.16,0.433,20.99,31.4,83.6,3.06,1
Rajmahal OC,2026-09-07T19:16:00,0.194,4.6,0.16,1.7,0.251,20.75,33.9,69.9,2.21,0
Jhanjra UG,2026-09-04T06:55:00,0.422,10.0,0.64,0.73,0.379,19.98,31.9,59.7,1.31,2
Bhatdih,2026-09-07T05:26:00,0.233,6.9,0.84,1.34,0.544,19.18,20.3,61.9,2.68,1
Jhanjra UG,2026-09-07T21:13:00,0.703,10.0,0.53,1.24,0.401,21,27.0,61.6,0,1
Jayant OC,2026-09-01T00:16:00,0.359,6.3,0.03,0.79,0.445,20.92,29.3,67.1,3.24,0
Rajmahal OC,2026-09-08T04:05:00,0.207,5.7,0.27,1.04,0.525,20.37,25.3,61.2,0,1
Gevra OC,2026-09-06T13:18:00,0.292,6.9,0.19,0.78,0.487,21,27.4,73.0,1.39,0
Bhatdih,2026-09-08T01:12:00,0.107,3.6,0.48,1.15,0.468,20.23,34.8,64.4,2.41,1
Jhanjra UG,2026-09-08T11:45:00,0.539,10.4,0.56,0.57,0.411,20.26,28.4,74.2,0.93,2
Rajmahal OC,2026-09-05T18:57:00,0.126,8.4,0.84,0.14,0.432,20.66,29.7,60.3,1.97,1
Kenduadih,2026-09-02T10:01:00,0.456,11.3,1.53,1.48,0.404,20.98,36.2,65.3,2.44,2
Bhatdih,2026-09-08T20:17:00,0.205,2.5,0.18,1.13,0.582,20.21,28.9,68.4,2.07,0
Kenduadih,2026-09-03T06:55:00,0.108,6.0,0.28,1.34,0.438,19.34,30.8,86.8,1.5,1
Moonidih,2026-09-07T02:01:00,0.339,4.9,0.65,0.17,0.27,20.3,30.6,69.2,1.59,1
Adriyala Shaft,2026-09-05T21:38:00,0.557,11.6,0.95,0.65,0.563,20.36,26.3,54.4,1.55,2
Jhanjra UG,2026-09-06T19:11:00,0.257,9.4,0.37,1.0,0.307,20.67,27.4,78.5,2.21,1
Jayant OC,2026-09-09T20:41:00,0.384,6.8,0.4,0,0.377,20.18,22.8,59.8,0,1
Rajmahal OC,2026-09-01T17:04:00,0.446,10.3,0.97,1.14,0.31,21,26.6,57.3,1.51,1
Moonidih,2026-09-09T00:07:00,0.458,3.2,0.47,0.42,0.458,20.33,20.8,56.8,2.34,1
Bhubaneswari OC,2026-09-05T10:58:00,0.341,10.3,0.4,0.9,0.46,20.21,24.2,59.3,0.96,1
Jhanjra UG,2026-09-01T05:41:00,0.116,8.4,0.62,1.11,0.391,20.25,24.2,75.0,1.59,1
Bhubaneswari OC,2026-09-07T09:05:00,0.152,9.0,0.23,0.25,0.387,20.08,30.1,52.2,0.75,1
Jhanjra UG,2026-09-04T13:53:00,0,9.7,0.65,1.05,0.259,20.54,28.9,59.4,1.55,1
Rajmahal OC,2026-09-08T18:15:00,0.346,11.2,0.17,0.9,0.46,20.54,31.6,77.7,2.38,1
Adriyala Shaft,2026-09-08T23:37:00,0.262,5.9,1.04,0.52,0.457,21,32.7,55.6,1.84,1
Kenduadih,2026-09-01T16:01:00,0.234,0,0.79,0.89,0.24,20.43,36.0,56.4,1.89,1
Jayant OC,2026-09-08T22:27:00,0.219,3.5,0.32,0.74,0.544,20.69,26.7,54.7,0.7,0
Moonidih,2026-09-08T04:56:00,0.428,13.5,0.18,0.88,0.267,20.47,24.4,44.3,2.27,1
Bhatdih,2026-09-03T19:13:00,0.111,7.3,0.21,0,0.519,20.23,24.9,38.8,1.87,0
Bhatdih,2026-09-09T01:01:00,0.277,6.4,0.32,0.83,0.465,20.98,30.6,41.9,0.92,1
Gevra OC,2026-09-04T03:35:00,0.304,10.8,0.31,1.21,0.558,20.6,27.4,74.8,1.83,1
Adriyala Shaft,2026-09-02T22:03:00,0,9.1,0.61,0.13,0.416,19.87,34.2,53.1,2.26,1
Bhubaneswari OC,2026-09-09T01:32:00,0.154,11.1,0,0.84,0.129,20.64,22.6,67.9,1.21,0
Churcha RO,2026-09-06T10:52:00,0.337,9.7,0.58,1.16,0.379,19.72,28.4,53.3,1.82,1
Jhanjra UG,2026-09-03T02:17:00,0.237,9.9,0.64,1.47,0.368,21,28.3,56.9,1.61,1
Gevra OC,2026-09-08T16:50:00,0.266,4.0,0.35,0.58,0.402,19.89,28.5,59.7,0,1
Gevra OC,2026-09-03T13:03:00,0.445,12.1,0.39,0.88,0.242,20.31,27.8,59.7,2.19,1
Jayant OC,2026-09-07T21:44:00,0.313,2.1,0.09,0.13,0.532,20.75,26.7,50.7,0.84,0
Rajmahal OC,2026-09-07T14:41:00,0.284,12.5,0.16,0.66,0.485,21.0,20.4,60.7,1.21,0
Adriyala Shaft,2026-09-09T10:24:00,0.46,4.4,0.26,0.51,0.297,21,23.9,51.1,1.75,1
Jhanjra UG,2026-09-09T18:16:00,0.257,3.1,0.45,0.91,0.517,20.33,31.4,63.6,1.37,1
Adriyala Shaft,2026-09-02T14:19:00,0.363,5.0,0.19,1.02,0.378,19.55,27.7,76.9,2.46,1
Kenduadih,2026-09-09T19:14:00,0.477,7.6,0.17,1.52,0.381,21,27.6,76.1,0.81,1
Gevra OC,2026-09-06T14:06:00,0.232,13.7,0.66,0.32,0.462,20.88,27.9,60.3,0.98,1
Jhanjra UG,2026-09-09T12:37:00,0.29,6.2,0,0.92,0.418,20.93,25.1,55.9,1.75,0
Rajmahal OC,2026-09-03T16:08:00,0.151,7.5,0.47,1.27,0.305,20.75,32.2,60.1,2.97,1
Bhubaneswari OC,2026-09-09T11:58:00,0.253,7.5,0.35,0.58,0.209,20.75,29.9,48.7,1.72,1
Churcha RO,2026-09-03T04:50:00,0.177,5.6,0.78,1.16,0.456,20.57,19.5,87.2,1.2,1
Kenduadih,2026-09-02T01:26:00,0.463,0,0.83,0.69,0.477,20.83,34.0,77.6,1.51,1
Bhubaneswari OC,2026-09-08T21:28:00,0.126,5.7,0.92,0.39,0.242,20.62,22.7,54.6,0.61,1
Jhanjra UG,2026-09-08T23:17:00,0.295,10.4,0.3,0.98,0.259,20.19,29.6,55.1,2.11,1
Churcha RO,2026-09-01T18:33:00,0.457,3.3,0.02,0.49,0.366,19.88,31.6,74.0,1.89,1
Adriyala Shaft,2026-09-08T02:51:00,0.495,8.0,0.15,1.38,0.417,19.24,26.0,63.9,2.04,1
Rajmahal OC,2026-09-02T03:34:00,0.181,5.5,1.07,1.02,0.506,20.58,21.2,75.1,1.25,1
Jhanjra UG,2026-09-03T00:45:00,0.405,7.4,0.69,0.83,0.343,21,26.2,88.8,2.24,1
Moonidih,2026-09-04T15:32:00,0.28,9.7,0.9,1.46,0.388,21,29.1,63.1,1.57,1
Rajmahal OC,2026-09-01T08:35:00,0.502,6.5,0.6,1.22,0.442,20.02,30.5,58.9,1.82,1
